{"count":1,"gauges":{"SmallWallJump_USC.CumulativeReward":{"count":2002,"max":0.957,"min":-1.97201741,"value":0.8929999,"weightedAverage":0.195113152}},"self":151.08997119999998,"total":331.835596,"children":{"AgentSendState":{"count":50569,"self":0.94006899999999993,"total":9.5257379999999987,"children":{"CollectObservations":{"count":90999,"self":0.589455,"total":0.589455,"children":null},"AgentInfo.ToProto":{"count":90999,"self":0.629201,"total":7.9962139999999993,"children":{"GenerateSensorData":{"count":90999,"self":4.65016,"total":7.367013,"children":{"RayPerceptionSensor.Perceive":{"count":181998,"self":2.716853,"total":2.716853,"children":null}}}}}}},"DecideAction":{"count":50569,"self":147.2184064,"total":147.218412,"children":null},"AgentAct":{"count":50569,"self":23.7849968,"total":23.91903,"children":{"AgentInfo.ToProto":{"count":1201,"self":0.012121,"total":0.13403299999999999,"children":{"GenerateSensorData":{"count":1201,"self":0.071724,"total":0.12191199999999999,"children":{"RayPerceptionSensor.Perceive":{"count":2402,"self":0.050187999999999997,"total":0.050187999999999997,"children":null}}}}}}},"AgentInfo.ToProto":{"count":801,"self":0.008232999999999999,"total":0.081414,"children":{"GenerateSensorData":{"count":801,"self":0.042015,"total":0.073181,"children":{"RayPerceptionSensor.Perceive":{"count":1602,"self":0.031166,"total":0.031166,"children":null}}}}}}}